<?xml version="1.0" encoding="UTF-8"?>
<project-private xmlns="http://www.netbeans.org/ns/project-private/1">
    <editor-bookmarks xmlns="http://www.netbeans.org/ns/editor-bookmarks/2" lastBookmarkId="0"/>
    <open-files xmlns="http://www.netbeans.org/ns/projectui-open-files/2">
        <group>
            <file>file:/C:/Dianah's%20java/Electricity_Billing_System_up/src/Register.java</file>
            <file>file:/C:/Dianah's%20java/Electricity_Billing_System_up/src/Application.java</file>
            <file>file:/C:/Dianah's%20java/Electricity_Billing_System_up/src/Billing.java</file>
            <file>file:/C:/Dianah's%20java/Electricity_Billing_System_up/src/InsertData.java</file>
            <file>file:/C:/Dianah's%20java/Electricity_Billing_System_up/src/Manage_Customers.java</file>
            <file>file:/C:/Dianah's%20java/Electricity_Billing_System_up/src/Jframe.java</file>
            <file>file:/C:/Dianah's%20java/Electricity_Billing_System_up/src/Login.java</file>
            <file>file:/C:/Dianah's%20java/Electricity_Billing_System_up/src/Home.java</file>
            <file>file:/C:/Dianah's%20java/Electricity_Billing_System_up/src/FeedBack.java</file>
            <file>file:/C:/Dianah's%20java/Electricity_Billing_System_up/src/Manage_Payment.java</file>
            <file>file:/C:/Dianah's%20java/Electricity_Billing_System_up/src/Calendar.java</file>
            <file>file:/C:/Dianah's%20java/Electricity_Billing_System_up/src/DefaultTableModel1.java</file>
        </group>
    </open-files>
</project-private>
